{"nodes":{"node:1":{"location":{"x":10,"y":10}},"node:4":{"location":{"x":210,"y":60}},"node:8":{"location":{"x":210,"y":-60}}},"selection":null,"view":{"scroll":{"x":-52.4634971618652344,"y":-285.309356689453125},"visible_rect":{"max":{"x":369.58697509765625,"y":247.503890991210938},"min":{"x":-35.02899169921875,"y":-190.496246337890625}},"zoom":1.49771642684936523}}