{"nodes":{"node:1":{"location":{"x":-136,"y":-47}},"node:4":{"location":{"x":95,"y":-159}}},"selection":null,"view":{"scroll":{"x":-419.9305419921875,"y":-256.570892333984375},"visible_rect":{"max":{"x":420.8555908203125,"y":319.543304443359375},"min":{"x":-335.9444580078125,"y":-205.256729125976562}},"zoom":1.24999988079071045}}