{"nodes":{"node:1":{"location":{"x":10,"y":10}},"node:4":{"location":{"x":210,"y":60}},"node:8":{"location":{"x":210,"y":-60}}},"selection":null,"view":{"scroll":{"x":-208.169158935546875,"y":-288.089385986328125},"visible_rect":{"max":{"x":491.86468505859375,"y":294.328521728515625},"min":{"x":-166.53533935546875,"y":-230.471527099609375}},"zoom":1.24999988079071045}}